Whole Genome,,Separate Genomes,,,,,,,,,,,,,,,Coding Sequences (Correct Frame Shift),Whole Genome (Random Frame Shift),,,Coding Sequences (Correct Frame Shift),Whole Genome (Random Frame Shift),,Difference
TTT,383,TTT,254,156,59,8,2,5,3,7,3,4,3,3,,TTT,507,383,,Phe,708,593,,115
TTC,210,TTC,95,52,18,6,3,6,0,3,3,4,10,1,,TTC,201,210,,Leu,1365,886,,479
TTA,232,TTA,201,117,28,3,1,4,3,2,3,6,2,0,,TTA,370,232,,Ile,728,436,,292
TTG,178,TTG,116,87,20,9,2,4,0,1,1,2,9,1,,TTG,252,178,,Met,312,117,,195
TCT,190,TCT,154,98,37,3,4,2,2,3,0,2,8,1,,TCT,314,190,,Val,1152,548,,604
TCC,75,TCC,27,21,12,4,0,3,1,0,0,1,3,0,,TCC,72,75,,Ser,955,810,,145
TCA,173,TCA,128,82,26,8,1,3,1,3,2,3,9,0,,TCA,266,173,,Pro,558,292,,266
TCG,34,TCG,5,5,2,0,1,1,0,0,0,1,2,0,,TCG,17,34,,Thr,1063,679,,384
TAT,278,TAT,208,112,40,8,0,4,1,2,1,6,2,2,,TAT,386,278,,Ala,967,375,,592
TAC,227,TAC,127,83,14,9,4,5,1,3,0,1,9,1,,TAC,257,227,,Tyr,643,505,,138
TAA,342,TAA,0,0,0,0,0,0,0,0,0,0,0,0,,TAA,0,342,,His,264,332,,-68
TAG,128,TAG,0,0,0,0,0,0,0,0,0,0,0,0,,TAG,0,128,,Gln,516,325,,191
TGT,367,TGT,184,113,28,3,1,4,0,3,1,5,0,0,,TGT,342,367,,Asn,765,472,,293
TGC,268,TGC,42,25,12,4,2,0,0,3,1,2,0,1,,TGC,92,268,,Lys,838,413,,425
TGA,304,TGA,0,0,0,0,0,0,0,0,0,0,0,0,,TGA,0,304,,Asp,722,290,,432
TGG,263,TGG,78,46,12,6,0,7,1,0,1,1,5,0,,TGG,157,263,,Glu,681,270,,411
CTT,208,CTT,185,129,36,10,7,12,1,6,4,2,8,0,,CTT,400,208,,Cys,434,635,,-201
CTC,78,CTC,61,39,12,5,0,6,2,2,0,0,2,2,,CTC,131,78,,Stop,0,774,,-774
CTA,110,CTA,77,45,9,1,2,5,2,1,1,0,3,1,,CTA,147,110,,Trp,157,263,,-106
CTG,80,CTG,28,18,3,2,2,4,0,3,2,0,3,0,,CTG,65,80,,Arg,481,558,,-77
CCT,107,CCT,136,86,29,7,2,1,0,4,0,4,8,0,,CCT,277,107,,Gly,840,394,,446
CCC,42,CCC,17,11,4,0,0,0,0,0,0,1,7,0,,CCC,40,42,,,,,,
CCA,115,CCA,111,63,25,3,0,3,1,2,0,1,11,0,,CCA,220,115,,,,,,
CCG,28,CCG,10,4,0,2,0,1,0,0,0,1,2,1,,CCG,21,28,,,,,,
CAT,172,CAT,102,53,13,4,0,4,1,1,1,2,3,0,,CAT,184,172,,,,,,
CAC,160,CAC,43,22,4,4,0,1,0,2,1,2,1,0,,CAC,80,160,,,,,,
CAA,233,CAA,163,97,46,5,0,2,2,4,1,3,27,1,,CAA,351,233,,,,,,
CAG,92,CAG,76,54,16,4,0,2,1,1,0,3,8,0,,CAG,165,92,,,,,,
CGT,54,CGT,59,34,9,1,1,5,0,1,0,2,6,1,,CGT,119,54,,,,,,
CGC,40,CGC,25,12,1,1,0,2,0,0,0,0,5,0,,CGC,46,40,,,,,,
CGA,31,CGA,10,7,0,0,1,1,0,0,0,0,5,0,,CGA,24,31,,,,,,
CGG,33,CGG,7,3,2,0,0,0,0,0,0,0,2,0,,CGG,14,33,,,,,,
ATT,208,ATT,169,109,44,9,1,11,5,4,4,5,9,0,,ATT,370,208,,,,,,
ATC,112,ATC,57,38,14,5,1,6,1,1,1,5,4,0,,ATC,133,112,,,,,,
ATA,116,ATA,117,68,18,7,1,3,4,3,0,0,1,3,,ATA,225,116,,,,,,
ATG,117,ATG,168,105,14,4,1,4,3,1,2,1,7,2,,ATG,312,117,,,,,,
ACT,220,ACT,232,158,44,13,1,5,3,3,1,2,16,0,,ACT,478,220,,,,,,
ACC,150,ACC,47,33,10,2,0,3,0,0,0,0,6,0,,ACC,101,150,,,,,,
ACA,249,ACA,224,142,40,6,2,3,0,7,0,3,8,1,,ACA,436,249,,,,,,
ACG,60,ACG,24,12,3,3,1,2,0,0,0,0,2,1,,ACG,48,60,,,,,,
AAT,260,AAT,268,161,54,4,4,4,3,1,1,2,16,2,,AAT,520,260,,,,,,
AAC,212,AAC,116,72,34,4,1,7,1,1,0,0,6,3,,AAC,245,212,,,,,,
AAA,303,AAA,281,174,38,7,2,4,3,6,0,5,21,0,,AAA,541,303,,,,,,
AAG,110,AAG,153,102,23,4,0,3,1,1,0,0,10,0,,AAG,297,110,,,,,,
AGT,197,AGT,119,76,17,5,1,4,0,0,0,2,9,1,,AGT,234,197,,,,,,
AGC,141,AGC,23,12,5,2,1,2,0,1,0,0,6,0,,AGC,52,141,,,,,,
AGA,277,AGA,112,55,20,3,1,3,0,4,0,2,10,1,,AGA,211,277,,,,,,
AGG,123,AGG,31,20,10,1,0,3,1,0,0,0,1,0,,AGG,67,123,,,,,,
GTT,233,GTT,292,193,48,14,7,3,3,4,1,6,2,2,,GTT,575,233,,,,,,
GTC,101,GTC,81,43,21,3,1,0,0,1,0,0,3,0,,GTC,153,101,,,,,,
GTA,121,GTA,137,78,15,7,3,6,0,2,0,4,1,2,,GTA,255,121,,,,,,
GTG,93,GTG,88,57,13,1,2,3,0,1,0,2,2,0,,GTG,169,93,,,,,,
GCT,169,GCT,269,166,42,7,1,12,0,4,0,3,19,1,,GCT,524,169,,,,,,
GCC,68,GCC,71,47,8,3,1,2,0,1,2,0,7,0,,GCC,142,68,,,,,,
GCA,116,GCA,131,83,27,3,0,4,1,3,0,2,8,1,,GCA,263,116,,,,,,
GCG,22,GCG,16,13,2,0,2,1,0,1,0,0,3,0,,GCG,38,22,,,,,,
GAT,167,GAT,251,133,43,7,1,1,3,1,1,4,14,1,,GAT,460,167,,,,,,
GAC,123,GAC,138,78,19,6,0,5,1,1,1,3,10,0,,GAC,262,123,,,,,,
GAA,186,GAA,248,176,34,10,1,6,1,4,3,4,8,0,,GAA,495,186,,,,,,
GAG,84,GAG,92,63,14,1,1,1,4,4,0,2,4,0,,GAG,186,84,,,,,,
GGT,149,GGT,263,172,47,7,1,5,0,1,0,3,10,0,,GGT,509,149,,,,,,
GGC,84,GGC,63,42,15,3,0,3,0,2,0,0,16,1,,GGC,145,84,,,,,,
GGA,112,GGA,76,44,17,4,0,6,0,1,0,2,13,0,,GGA,163,112,,,,,,
GGG,49,GGG,10,6,3,0,0,0,0,0,0,0,4,0,,GGG,23,49,,,,,,
